iter	Logloss
0	0.02046201772
1	0.01987171071
